date,dau,total_sessions,total_watch_minutes,avg_watch_per_session
2023-01-06,1,1,44,44.0
2023-01-10,2,2,84,42.0
2023-01-12,1,1,31,31.0
2023-01-13,1,1,31,31.0
2023-01-14,1,1,115,115.0
2023-01-15,3,3,198,66.0
2023-01-16,1,1,90,90.0
2023-01-17,1,1,147,147.0
2023-01-18,3,3,154,51.3
2023-01-19,1,1,56,56.0
2023-01-20,2,2,12,6.0
2023-01-21,1,1,50,50.0
2023-01-22,2,2,36,18.0
2023-01-23,2,2,115,57.5
2023-01-24,3,3,99,33.0
2023-01-25,4,4,203,50.8
2023-01-26,2,2,84,42.0
2023-01-27,5,5,222,44.4
2023-01-28,4,4,61,15.2
2023-01-29,5,5,427,85.4
2023-01-30,5,5,369,73.8
2023-01-31,3,3,203,67.7
2023-02-01,5,5,280,56.0
2023-02-02,6,6,272,45.3
2023-02-04,6,6,310,51.7
2023-02-05,6,6,188,31.3
2023-02-06,4,4,224,56.0
2023-02-07,3,3,139,46.3
2023-02-08,5,5,270,54.0
2023-02-09,6,6,216,36.0
2023-02-10,7,7,259,37.0
2023-02-11,5,5,274,54.8
2023-02-12,6,6,182,30.3
2023-02-13,8,8,322,40.2
2023-02-14,7,7,390,55.7
2023-02-15,6,6,201,33.5
2023-02-16,2,2,156,78.0
2023-02-17,4,5,262,52.4
2023-02-18,8,8,425,53.1
2023-02-19,6,6,288,48.0
2023-02-20,4,4,176,44.0
2023-02-21,14,14,823,58.8
2023-02-22,6,6,259,43.2
2023-02-23,12,12,547,45.6
2023-02-24,7,7,487,69.6
2023-02-25,5,5,159,31.8
2023-02-26,7,7,306,43.7
2023-02-27,7,7,334,47.7
2023-02-28,11,11,456,41.5
2023-03-01,6,6,230,38.3
2023-03-02,11,11,543,49.4
2023-03-03,8,8,442,55.2
2023-03-04,6,6,316,52.7
2023-03-05,12,12,354,29.5
2023-03-06,9,9,607,67.4
2023-03-07,11,11,510,46.4
2023-03-08,9,9,290,32.2
2023-03-09,7,7,244,34.9
2023-03-10,7,7,176,25.1
2023-03-11,9,9,461,51.2
2023-03-12,10,10,707,70.7
2023-03-13,10,10,671,67.1
2023-03-14,18,19,1004,52.8
2023-03-15,11,11,452,41.1
2023-03-16,11,11,385,35.0
2023-03-17,9,9,455,50.6
2023-03-18,10,10,510,51.0
2023-03-19,13,13,585,45.0
2023-03-20,18,18,970,53.9
2023-03-21,7,7,500,71.4
2023-03-22,8,8,355,44.4
2023-03-23,12,12,698,58.2
2023-03-24,12,12,718,59.8
2023-03-25,13,13,505,38.8
2023-03-26,10,10,744,74.4
2023-03-27,14,14,677,48.4
2023-03-28,7,7,397,56.7
2023-03-29,11,11,722,65.6
2023-03-30,15,15,1097,73.1
2023-03-31,11,11,760,69.1
2023-04-01,15,15,606,40.4
2023-04-02,10,10,409,40.9
2023-04-03,22,22,1197,54.4
2023-04-04,13,13,704,54.2
2023-04-05,20,20,997,49.8
2023-04-06,14,14,637,45.5
2023-04-07,9,9,542,60.2
2023-04-08,12,12,447,37.2
2023-04-09,17,17,1200,70.6
2023-04-10,12,12,624,52.0
2023-04-11,11,11,639,58.1
2023-04-12,14,14,593,42.4
2023-04-13,14,14,584,41.7
2023-04-14,20,20,913,45.6
2023-04-15,19,19,1125,59.2
2023-04-16,21,21,1080,51.4
2023-04-17,16,16,888,55.5
2023-04-18,21,21,1065,50.7
2023-04-19,18,18,868,48.2
2023-04-20,13,13,784,60.3
2023-04-21,18,18,1008,56.0
2023-04-22,21,21,773,36.8
2023-04-23,15,15,723,48.2
2023-04-24,14,14,790,56.4
2023-04-25,16,16,1141,71.3
2023-04-26,23,23,926,40.3
2023-04-27,19,19,742,39.1
2023-04-28,24,24,1114,46.4
2023-04-29,17,17,855,50.3
2023-04-30,19,19,817,43.0
2023-05-01,20,20,933,46.6
2023-05-02,12,12,595,49.6
2023-05-03,12,12,518,43.2
2023-05-04,27,27,1384,51.3
2023-05-05,14,14,663,47.4
2023-05-06,23,23,1146,49.8
2023-05-07,19,19,771,40.6
2023-05-08,16,16,687,42.9
2023-05-09,23,24,951,39.6
2023-05-10,16,16,784,49.0
2023-05-11,22,22,887,40.3
2023-05-12,25,25,1085,43.4
2023-05-13,29,29,1564,53.9
2023-05-14,18,18,1019,56.6
2023-05-15,27,27,1208,44.7
2023-05-16,19,19,653,34.4
2023-05-17,23,23,1020,44.3
2023-05-18,23,23,1027,44.7
2023-05-19,14,14,740,52.9
2023-05-20,21,21,1001,47.7
2023-05-21,16,17,706,41.5
2023-05-22,15,15,760,50.7
2023-05-23,33,33,2145,65.0
2023-05-24,24,24,1128,47.0
2023-05-25,16,16,883,55.2
2023-05-26,22,23,1393,60.6
2023-05-27,19,20,1214,60.7
2023-05-28,27,27,1344,49.8
2023-05-29,23,23,763,33.2
2023-05-30,23,23,793,34.5
2023-05-31,25,25,1192,47.7
2023-06-01,27,27,1351,50.0
2023-06-02,22,22,1007,45.8
2023-06-03,34,34,1624,47.8
2023-06-04,23,24,1112,46.3
2023-06-05,29,29,1392,48.0
2023-06-06,34,34,1859,54.7
2023-06-07,22,22,1149,52.2
2023-06-08,21,21,1082,51.5
2023-06-09,26,27,1082,40.1
2023-06-10,26,26,1266,48.7
2023-06-11,14,14,727,51.9
2023-06-12,29,29,1290,44.5
2023-06-13,28,28,1416,50.6
2023-06-14,24,24,1233,51.4
2023-06-15,22,22,895,40.7
2023-06-16,23,23,868,37.7
2023-06-17,26,26,1340,51.5
2023-06-18,22,22,984,44.7
2023-06-19,24,24,942,39.2
2023-06-20,20,21,1073,51.1
2023-06-21,27,27,1246,46.1
2023-06-22,24,24,1279,53.3
2023-06-23,27,27,1538,57.0
2023-06-24,20,20,892,44.6
2023-06-25,27,27,1344,49.8
2023-06-26,32,32,1571,49.1
2023-06-27,26,26,1079,41.5
2023-06-28,32,32,1473,46.0
2023-06-29,33,33,1549,46.9
2023-06-30,26,26,888,34.2
2023-07-01,41,41,1746,42.6
2023-07-02,23,23,913,39.7
2023-07-03,28,28,1502,53.6
2023-07-04,36,36,1821,50.6
2023-07-05,34,34,1823,53.6
2023-07-06,33,33,1310,39.7
2023-07-07,22,22,916,41.6
2023-07-08,32,32,1377,43.0
2023-07-09,32,32,1096,34.2
2023-07-10,28,28,1162,41.5
2023-07-11,28,28,1421,50.8
2023-07-12,28,28,1433,51.2
2023-07-13,34,35,2045,58.4
2023-07-14,42,42,1992,47.4
2023-07-15,37,37,1407,38.0
2023-07-16,27,27,1083,40.1
2023-07-17,28,28,1400,50.0
2023-07-18,42,42,1805,43.0
2023-07-19,25,25,1113,44.5
2023-07-20,31,31,1138,36.7
2023-07-21,31,31,1452,46.8
2023-07-22,31,31,1425,46.0
2023-07-23,34,34,1912,56.2
2023-07-24,33,33,1443,43.7
2023-07-25,40,40,2149,53.7
2023-07-26,47,47,2223,47.3
2023-07-27,31,31,1375,44.4
2023-07-28,44,44,2413,54.8
2023-07-29,36,36,1799,50.0
2023-07-30,28,28,1180,42.1
2023-07-31,31,31,1505,48.5
2023-08-01,42,43,1944,45.2
2023-08-02,43,43,2017,46.9
2023-08-03,29,29,1513,52.2
2023-08-04,32,33,1453,44.0
2023-08-05,37,37,1628,44.0
2023-08-06,48,48,2351,49.0
2023-08-07,40,40,2240,56.0
2023-08-08,42,42,2051,48.8
2023-08-09,49,49,2089,42.6
2023-08-10,34,34,1367,40.2
2023-08-11,30,30,1609,53.6
2023-08-12,49,49,2303,47.0
2023-08-13,45,46,2190,47.6
2023-08-14,43,43,2137,49.7
2023-08-15,35,35,1801,51.5
2023-08-16,41,41,2009,49.0
2023-08-17,45,46,2127,46.2
2023-08-18,34,34,1330,39.1
2023-08-19,24,25,887,35.5
2023-08-20,33,33,1655,50.2
2023-08-21,50,51,2663,52.2
2023-08-22,35,35,1860,53.1
2023-08-23,29,29,1149,39.6
2023-08-24,33,33,1343,40.7
2023-08-25,43,44,2163,49.2
2023-08-26,45,46,2414,52.5
2023-08-27,33,33,1536,46.5
2023-08-28,45,45,2006,44.6
2023-08-29,40,40,1928,48.2
2023-08-30,40,41,1823,44.5
2023-08-31,37,37,2064,55.8
2023-09-01,35,35,1838,52.5
2023-09-02,44,44,2018,45.9
2023-09-03,42,43,2058,47.9
2023-09-04,34,34,1750,51.5
2023-09-05,26,26,1313,50.5
2023-09-06,42,42,2259,53.8
2023-09-07,48,48,2197,45.8
2023-09-08,28,28,1019,36.4
2023-09-09,49,50,2414,48.3
2023-09-10,62,62,2997,48.3
2023-09-11,38,38,1821,47.9
2023-09-12,45,45,2106,46.8
2023-09-13,49,49,2332,47.6
2023-09-14,40,40,2043,51.1
2023-09-15,46,46,1527,33.2
2023-09-16,42,42,1884,44.9
2023-09-17,37,37,2278,61.6
2023-09-18,55,55,2740,49.8
2023-09-19,42,42,2154,51.3
2023-09-20,36,36,1781,49.5
2023-09-21,52,52,2494,48.0
2023-09-22,46,46,2215,48.2
2023-09-23,50,50,2460,49.2
2023-09-24,40,40,1924,48.1
2023-09-25,52,52,2506,48.2
2023-09-26,52,52,2517,48.4
2023-09-27,43,43,2178,50.7
2023-09-28,45,45,2356,52.4
2023-09-29,49,49,2326,47.5
2023-09-30,51,51,2323,45.5
2023-10-01,56,56,2670,47.7
2023-10-02,58,58,2508,43.2
2023-10-03,53,53,2292,43.2
2023-10-04,44,44,2038,46.3
2023-10-05,50,51,2479,48.6
2023-10-06,59,60,3187,53.1
2023-10-07,52,52,2379,45.8
2023-10-08,54,55,2908,52.9
2023-10-09,42,42,1931,46.0
2023-10-10,35,35,1375,39.3
2023-10-11,45,46,2002,43.5
2023-10-12,37,37,1620,43.8
2023-10-13,54,54,2988,55.3
2023-10-14,53,53,2635,49.7
2023-10-15,61,61,2856,46.8
2023-10-16,48,48,3052,63.6
2023-10-17,55,55,2986,54.3
2023-10-18,56,56,2862,51.1
2023-10-19,52,52,2612,50.2
2023-10-20,53,53,2651,50.0
2023-10-21,53,54,2778,51.4
2023-10-22,68,68,3111,45.8
2023-10-23,58,58,2677,46.2
2023-10-24,49,49,2967,60.6
2023-10-25,62,63,2951,46.8
2023-10-26,48,49,2733,55.8
2023-10-27,50,50,2628,52.6
2023-10-28,56,56,2688,48.0
2023-10-29,55,55,2735,49.7
2023-10-30,44,44,2362,53.7
2023-10-31,36,36,1720,47.8
2023-11-01,57,57,3156,55.4
2023-11-02,46,46,2269,49.3
2023-11-03,41,41,2164,52.8
2023-11-04,51,51,2666,52.3
2023-11-05,52,52,2502,48.1
2023-11-06,58,58,3018,52.0
2023-11-07,61,61,2462,40.4
2023-11-08,64,64,2944,46.0
2023-11-09,52,52,2657,51.1
2023-11-10,78,78,4264,54.7
2023-11-11,62,62,2968,47.9
2023-11-12,63,63,3090,49.0
2023-11-13,67,68,3432,50.5
2023-11-14,56,56,2957,52.8
2023-11-15,56,56,2644,47.2
2023-11-16,67,67,3001,44.8
2023-11-17,60,60,2621,43.7
2023-11-18,60,60,3020,50.3
2023-11-19,57,57,2656,46.6
2023-11-20,60,60,3371,56.2
2023-11-21,71,71,3255,45.8
2023-11-22,62,62,3502,56.5
2023-11-23,67,68,3156,46.4
2023-11-24,57,57,2205,38.7
2023-11-25,54,55,2588,47.1
2023-11-26,66,66,2676,40.5
2023-11-27,67,67,2914,43.5
2023-11-28,46,46,2323,50.5
2023-11-29,60,60,2463,41.0
2023-11-30,45,45,2249,50.0
2023-12-01,68,68,3563,52.4
2023-12-02,57,57,2561,44.9
2023-12-03,74,74,3541,47.9
2023-12-04,63,64,3410,53.3
2023-12-05,60,60,2818,47.0
2023-12-06,54,54,2429,45.0
2023-12-07,58,58,2896,49.9
2023-12-08,69,69,3721,53.9
2023-12-09,73,73,3829,52.5
2023-12-10,76,76,3558,46.8
2023-12-11,63,63,3641,57.8
2023-12-12,62,62,3321,53.6
2023-12-13,49,49,2319,47.3
2023-12-14,71,71,3638,51.2
2023-12-15,61,62,2979,48.0
2023-12-16,57,58,2657,45.8
2023-12-17,72,72,3830,53.2
2023-12-18,58,58,2629,45.3
2023-12-19,73,73,3293,45.1
2023-12-20,65,65,3155,48.5
2023-12-21,53,53,2414,45.5
2023-12-22,79,79,4283,54.2
2023-12-23,52,52,2745,52.8
2023-12-24,75,75,3968,52.9
2023-12-25,69,69,3364,48.8
2023-12-26,54,55,2396,43.6
2023-12-27,75,75,3435,45.8
2023-12-28,57,57,3008,52.8
2023-12-29,76,76,3616,47.6
2023-12-30,61,62,3230,52.1
2023-12-31,82,82,4126,50.3
2024-01-01,59,59,2894,49.1
2024-01-02,67,68,3248,47.8
2024-01-03,56,57,2751,48.3
2024-01-04,63,63,3413,54.2
2024-01-05,55,55,2557,46.5
2024-01-06,60,60,2998,50.0
2024-01-07,69,69,3933,57.0
2024-01-08,87,87,4596,52.8
2024-01-09,62,62,2514,40.5
2024-01-10,69,69,3639,52.7
2024-01-11,68,68,3415,50.2
2024-01-12,54,54,3078,57.0
2024-01-13,72,72,2781,38.6
2024-01-14,62,63,2811,44.6
2024-01-15,68,68,3447,50.7
2024-01-16,63,63,3062,48.6
2024-01-17,56,57,2837,49.8
2024-01-18,73,73,3679,50.4
2024-01-19,85,86,4575,53.2
2024-01-20,74,74,3525,47.6
2024-01-21,82,83,3464,41.7
2024-01-22,70,72,3383,47.0
2024-01-23,85,86,3872,45.0
2024-01-24,70,70,3810,54.4
2024-01-25,84,85,3982,46.8
2024-01-26,86,86,4182,48.6
2024-01-27,60,61,2877,47.2
2024-01-28,82,82,4176,50.9
2024-01-29,72,73,3473,47.6
2024-01-30,75,75,3602,48.0
2024-01-31,73,73,3494,47.9
2024-02-01,76,77,3422,44.4
2024-02-02,71,72,3097,43.0
2024-02-03,62,62,2492,40.2
2024-02-04,67,67,2756,41.1
2024-02-05,75,75,3916,52.2
2024-02-06,71,72,3909,54.3
2024-02-07,83,83,3834,46.2
2024-02-08,67,67,3524,52.6
2024-02-09,69,69,3397,49.2
2024-02-10,75,75,4218,56.2
2024-02-11,83,84,3934,46.8
2024-02-12,78,78,3299,42.3
2024-02-13,70,71,3544,49.9
2024-02-14,78,79,3753,47.5
2024-02-15,77,77,3609,46.9
2024-02-16,81,81,3385,41.8
2024-02-17,77,78,3481,44.6
2024-02-18,80,80,3599,45.0
2024-02-19,76,76,3777,49.7
2024-02-20,92,93,4076,43.8
2024-02-21,98,98,4788,48.9
2024-02-22,84,84,3737,44.5
2024-02-23,59,59,3005,50.9
2024-02-24,83,83,4335,52.2
2024-02-25,87,88,4281,48.6
2024-02-26,84,84,3856,45.9
2024-02-27,91,91,4559,50.1
2024-02-28,82,82,4170,50.9
2024-02-29,82,82,3584,43.7
2024-03-01,84,84,4172,49.7
2024-03-02,82,82,4162,50.8
2024-03-03,83,83,4780,57.6
2024-03-04,76,76,4008,52.7
2024-03-05,92,92,4113,44.7
2024-03-06,76,77,3982,51.7
2024-03-07,82,82,3661,44.6
2024-03-08,80,80,3596,45.0
2024-03-09,82,82,3946,48.1
2024-03-10,91,91,3702,40.7
2024-03-11,93,93,4402,47.3
2024-03-12,87,87,4192,48.2
2024-03-13,96,98,4451,45.4
2024-03-14,93,93,4674,50.3
2024-03-15,94,94,4255,45.3
2024-03-16,81,81,3938,48.6
2024-03-17,94,94,4405,46.9
2024-03-18,87,87,4531,52.1
2024-03-19,76,77,3974,51.6
2024-03-20,90,90,3942,43.8
2024-03-21,89,89,5257,59.1
2024-03-22,79,81,3854,47.6
2024-03-23,88,88,4585,52.1
2024-03-24,91,91,4892,53.8
2024-03-25,78,78,3741,48.0
2024-03-26,76,77,3577,46.5
2024-03-27,77,77,3949,51.3
2024-03-28,104,105,4945,47.1
2024-03-29,95,95,4894,51.5
2024-03-30,94,94,4050,43.1
2024-03-31,95,96,4633,48.3
2024-04-01,84,84,3913,46.6
2024-04-02,76,76,3465,45.6
2024-04-03,84,84,3876,46.1
2024-04-04,102,102,4718,46.3
2024-04-05,95,96,4835,50.4
2024-04-06,87,88,3578,40.7
2024-04-07,101,102,4785,46.9
2024-04-08,85,85,4384,51.6
2024-04-09,92,92,4027,43.8
2024-04-10,102,102,4984,48.9
2024-04-11,105,105,5046,48.1
2024-04-12,89,89,3955,44.4
2024-04-13,92,92,4328,47.0
2024-04-14,93,93,4457,47.9
2024-04-15,83,83,4560,54.9
2024-04-16,103,103,4961,48.2
2024-04-17,92,92,4620,50.2
2024-04-18,84,84,3894,46.4
2024-04-19,92,92,4530,49.2
2024-04-20,107,108,5304,49.1
2024-04-21,98,99,4553,46.0
2024-04-22,114,115,5145,44.7
2024-04-23,84,84,3351,39.9
2024-04-24,106,106,4874,46.0
2024-04-25,94,95,4262,44.9
2024-04-26,102,103,5323,51.7
2024-04-27,93,94,5395,57.4
2024-04-28,106,106,5281,49.8
2024-04-29,108,109,4861,44.6
2024-04-30,89,90,3992,44.4
2024-05-01,75,75,3739,49.9
2024-05-02,96,96,4459,46.4
2024-05-03,94,95,4378,46.1
2024-05-04,124,125,6648,53.2
2024-05-05,94,94,3930,41.8
2024-05-06,105,107,4444,41.5
2024-05-07,93,93,4345,46.7
2024-05-08,87,87,4028,46.3
2024-05-09,124,124,6193,49.9
2024-05-10,94,94,4639,49.4
2024-05-11,118,118,6053,51.3
2024-05-12,104,104,5688,54.7
2024-05-13,119,119,5856,49.2
2024-05-14,103,104,5271,50.7
2024-05-15,91,92,4117,44.8
2024-05-16,103,103,4395,42.7
2024-05-17,98,98,5125,52.3
2024-05-18,110,112,5412,48.3
2024-05-19,109,110,4664,42.4
2024-05-20,99,99,4066,41.1
2024-05-21,93,93,4572,49.2
2024-05-22,109,109,5980,54.9
2024-05-23,121,122,5772,47.3
2024-05-24,101,101,5490,54.4
2024-05-25,113,114,6081,53.3
2024-05-26,106,106,5482,51.7
2024-05-27,96,96,4468,46.5
2024-05-28,111,112,5103,45.6
2024-05-29,111,112,5520,49.3
2024-05-30,113,113,5352,47.4
2024-05-31,112,114,5391,47.3
2024-06-01,112,112,5466,48.8
2024-06-02,121,122,5894,48.3
2024-06-03,116,118,6185,52.4
2024-06-04,112,113,5521,48.9
2024-06-05,122,122,5920,48.5
2024-06-06,116,116,6124,52.8
2024-06-07,111,111,4781,43.1
2024-06-08,123,124,6021,48.6
2024-06-09,138,138,7151,51.8
2024-06-10,91,91,4504,49.5
2024-06-11,111,114,5826,51.1
2024-06-12,105,105,5811,55.3
2024-06-13,87,88,4166,47.3
2024-06-14,108,109,4696,43.1
2024-06-15,114,115,5361,46.6
2024-06-16,111,112,5695,50.8
2024-06-17,121,121,5838,48.2
2024-06-18,103,103,4690,45.5
2024-06-19,120,121,5589,46.2
2024-06-20,108,108,5735,53.1
2024-06-21,121,121,6727,55.6
2024-06-22,106,107,5359,50.1
2024-06-23,120,120,6327,52.7
2024-06-24,112,112,5636,50.3
2024-06-25,126,128,6130,47.9
2024-06-26,140,140,6776,48.4
2024-06-27,121,121,6054,50.0
2024-06-28,121,121,5407,44.7
2024-06-29,105,105,5240,49.9
2024-06-30,125,126,5885,46.7
2024-07-01,128,128,5929,46.3
2024-07-02,112,112,5556,49.6
2024-07-03,127,127,5889,46.4
2024-07-04,117,118,6133,52.0
2024-07-05,111,112,5399,48.2
2024-07-06,126,126,5899,46.8
2024-07-07,114,115,5197,45.2
2024-07-08,124,124,6396,51.6
2024-07-09,103,103,4204,40.8
2024-07-10,110,110,5103,46.4
2024-07-11,130,130,5893,45.3
2024-07-12,129,129,5635,43.7
2024-07-13,123,125,5455,43.6
2024-07-14,124,125,6652,53.2
2024-07-15,136,137,6682,48.8
2024-07-16,132,133,5928,44.6
2024-07-17,130,130,6727,51.7
2024-07-18,130,133,5800,43.6
2024-07-19,133,134,6513,48.6
2024-07-20,120,121,5789,47.8
2024-07-21,125,125,6177,49.4
2024-07-22,143,144,7167,49.8
2024-07-23,119,119,6115,51.4
2024-07-24,130,131,6063,46.3
2024-07-25,145,146,7325,50.2
2024-07-26,122,123,5983,48.6
2024-07-27,129,130,6284,48.3
2024-07-28,124,124,6310,50.9
2024-07-29,136,136,5796,42.6
2024-07-30,166,166,7290,43.9
2024-07-31,133,135,7552,55.9
2024-08-01,123,123,5813,47.3
2024-08-02,126,128,6655,52.0
2024-08-03,146,146,6540,44.8
2024-08-04,119,120,5753,47.9
2024-08-05,133,134,6531,48.7
2024-08-06,130,130,6571,50.5
2024-08-07,138,138,7294,52.9
2024-08-08,152,152,7027,46.2
2024-08-09,151,153,7010,45.8
2024-08-10,135,135,6510,48.2
2024-08-11,152,155,7404,47.8
2024-08-12,132,132,6303,47.8
2024-08-13,152,153,5713,37.3
2024-08-14,143,144,6177,42.9
2024-08-15,137,137,6740,49.2
2024-08-16,137,138,6858,49.7
2024-08-17,145,145,6809,47.0
2024-08-18,144,146,7440,51.0
2024-08-19,160,161,8051,50.0
2024-08-20,125,125,6037,48.3
2024-08-21,125,125,6857,54.9
2024-08-22,166,167,7883,47.2
2024-08-23,156,157,7673,48.9
2024-08-24,144,145,6825,47.1
2024-08-25,144,145,7509,51.8
2024-08-26,152,152,7313,48.1
2024-08-27,154,154,8112,52.7
2024-08-28,157,158,7142,45.2
2024-08-29,136,136,7235,53.2
2024-08-30,140,141,6766,48.0
2024-08-31,142,142,6634,46.7
2024-09-01,175,178,8701,48.9
2024-09-02,154,156,8727,55.9
2024-09-03,155,157,7406,47.2
2024-09-04,128,129,6009,46.6
2024-09-05,144,144,7487,52.0
2024-09-06,133,134,6762,50.5
2024-09-07,147,147,6881,46.8
2024-09-08,144,144,6530,45.3
2024-09-09,137,137,6972,50.9
2024-09-10,160,160,7406,46.3
2024-09-11,151,152,7519,49.5
2024-09-12,153,153,8144,53.2
2024-09-13,143,144,7771,54.0
2024-09-14,152,152,7852,51.7
2024-09-15,138,138,6993,50.7
2024-09-16,156,157,7670,48.9
2024-09-17,169,169,8168,48.3
2024-09-18,156,156,7365,47.2
2024-09-19,138,138,7082,51.3
2024-09-20,177,179,8881,49.6
2024-09-21,149,151,8023,53.1
2024-09-22,164,164,7732,47.1
2024-09-23,160,160,8198,51.2
2024-09-24,167,168,7728,46.0
2024-09-25,153,154,7233,47.0
2024-09-26,169,169,8974,53.1
2024-09-27,146,146,7346,50.3
2024-09-28,168,168,8351,49.7
2024-09-29,141,142,7142,50.3
2024-09-30,140,141,6675,47.3
2024-10-01,156,158,7747,49.0
2024-10-02,171,173,8162,47.2
2024-10-03,148,148,7263,49.1
2024-10-04,159,161,7381,45.8
2024-10-05,142,143,7114,49.7
2024-10-06,178,179,9239,51.6
2024-10-07,154,154,7756,50.4
2024-10-08,177,178,8748,49.1
2024-10-09,169,172,8537,49.6
2024-10-10,181,182,8758,48.1
2024-10-11,145,145,7089,48.9
2024-10-12,173,174,7902,45.4
2024-10-13,191,193,9423,48.8
2024-10-14,166,167,8146,48.8
2024-10-15,163,164,8090,49.3
2024-10-16,177,178,9401,52.8
2024-10-17,163,164,7742,47.2
2024-10-18,166,167,8130,48.7
2024-10-19,162,164,8647,52.7
2024-10-20,173,174,8943,51.4
2024-10-21,154,154,7189,46.7
2024-10-22,171,171,8202,48.0
2024-10-23,175,176,8296,47.1
2024-10-24,164,165,7679,46.5
2024-10-25,175,175,8726,49.9
2024-10-26,177,177,8157,46.1
2024-10-27,161,161,7752,48.1
2024-10-28,148,149,7301,49.0
2024-10-29,194,194,10146,52.3
2024-10-30,168,168,7413,44.1
2024-10-31,181,182,9199,50.5
2024-11-01,178,179,8028,44.8
2024-11-02,188,188,9419,50.1
2024-11-03,170,171,8823,51.6
2024-11-04,183,183,8711,47.6
2024-11-05,177,177,9420,53.2
2024-11-06,177,179,8730,48.8
2024-11-07,161,161,6756,42.0
2024-11-08,189,190,8652,45.5
2024-11-09,171,173,8307,48.0
2024-11-10,186,186,9524,51.2
2024-11-11,197,197,9931,50.4
2024-11-12,175,175,8516,48.7
2024-11-13,204,205,9997,48.8
2024-11-14,171,173,8330,48.2
2024-11-15,170,170,9140,53.8
2024-11-16,193,195,9549,49.0
2024-11-17,184,185,9367,50.6
2024-11-18,183,183,8231,45.0
2024-11-19,180,180,8608,47.8
2024-11-20,168,169,7415,43.9
2024-11-21,186,186,9264,49.8
2024-11-22,191,193,9700,50.3
2024-11-23,186,186,9000,48.4
2024-11-24,153,155,8034,51.8
2024-11-25,189,189,9313,49.3
2024-11-26,191,192,9570,49.8
2024-11-27,192,194,9739,50.2
2024-11-28,194,195,9406,48.2
2024-11-29,193,193,9427,48.8
2024-11-30,188,190,9641,50.7
2024-12-01,190,191,10137,53.1
2024-12-02,193,195,9406,48.2
2024-12-03,212,215,10599,49.3
2024-12-04,203,206,10991,53.4
2024-12-05,193,196,9688,49.4
2024-12-06,181,182,8724,47.9
2024-12-07,210,210,10205,48.6
2024-12-08,183,184,8052,43.8
2024-12-09,201,203,9932,48.9
2024-12-10,208,208,10508,50.5
2024-12-11,190,192,9972,51.9
2024-12-12,201,202,9669,47.9
2024-12-13,214,215,11823,55.0
2024-12-14,198,201,9206,45.8
2024-12-15,182,184,8599,46.7
2024-12-16,188,190,8992,47.3
2024-12-17,213,215,9955,46.3
2024-12-18,216,221,10078,45.6
2024-12-19,227,230,10469,45.5
2024-12-20,204,205,10566,51.5
2024-12-21,207,208,10202,49.0
2024-12-22,214,214,9940,46.4
2024-12-23,191,191,9007,47.2
2024-12-24,204,204,10184,49.9
2024-12-25,194,195,9896,50.7
2024-12-26,227,229,10369,45.3
2024-12-27,211,211,10874,51.5
2024-12-28,194,195,9433,48.4
2024-12-29,212,214,9926,46.4
2024-12-30,200,204,11068,54.3
2024-12-31,210,211,10267,48.7
2025-01-01,213,213,11160,52.4
2025-01-02,233,234,11415,48.8
2025-01-03,194,195,8614,44.2
2025-01-04,223,226,11357,50.3
2025-01-05,231,231,11621,50.3
2025-01-06,214,215,10335,48.1
2025-01-07,211,211,9887,46.9
2025-01-08,235,236,11621,49.2
2025-01-09,212,214,11512,53.8
2025-01-10,209,210,10137,48.3
2025-01-11,219,220,10957,49.8
2025-01-12,234,234,11414,48.8
2025-01-13,216,217,10382,47.8
2025-01-14,249,249,11543,46.4
2025-01-15,217,217,10527,48.5
2025-01-16,238,240,11878,49.5
2025-01-17,231,232,11305,48.7
2025-01-18,231,233,11805,50.7
2025-01-19,237,239,11801,49.4
2025-01-20,226,230,10916,47.5
2025-01-21,219,220,10976,49.9
2025-01-22,227,230,11386,49.5
2025-01-23,211,214,10303,48.1
2025-01-24,209,210,9474,45.1
2025-01-25,234,237,10873,45.9
2025-01-26,226,227,10597,46.7
2025-01-27,240,242,11143,46.0
2025-01-28,260,261,12308,47.2
2025-01-29,235,238,12228,51.4
2025-01-30,202,206,10491,50.9
2025-01-31,241,241,12603,52.3
2025-02-01,250,252,12371,49.1
2025-02-02,237,238,11819,49.7
2025-02-03,234,235,12028,51.2
2025-02-04,236,238,11109,46.7
2025-02-05,241,242,11329,46.8
2025-02-06,223,223,11838,53.1
2025-02-07,218,222,10006,45.1
2025-02-08,251,252,11939,47.4
2025-02-09,253,254,12421,48.9
2025-02-10,218,220,10768,48.9
2025-02-11,265,269,13409,49.8
2025-02-12,243,247,11645,47.1
2025-02-13,248,250,11713,46.9
2025-02-14,252,258,12262,47.5
2025-02-15,260,261,13411,51.4
2025-02-16,262,263,12108,46.0
2025-02-17,253,255,12667,49.7
2025-02-18,246,248,12003,48.4
2025-02-19,239,240,11567,48.2
2025-02-20,238,239,12852,53.8
2025-02-21,270,270,14024,51.9
2025-02-22,269,270,13674,50.6
2025-02-23,251,251,12276,48.9
2025-02-24,261,262,12248,46.7
2025-02-25,262,265,12414,46.8
2025-02-26,293,293,15288,52.2
2025-02-27,276,277,15338,55.4
2025-02-28,242,243,11906,49.0
2025-03-01,268,270,13025,48.2
2025-03-02,267,268,13126,49.0
2025-03-03,267,269,12922,48.0
2025-03-04,245,248,12330,49.7
2025-03-05,267,267,11682,43.8
2025-03-06,264,267,13550,50.7
2025-03-07,296,301,15006,49.9
2025-03-08,278,278,14813,53.3
2025-03-09,278,280,13943,49.8
2025-03-10,263,269,13653,50.8
2025-03-11,303,305,14729,48.3
2025-03-12,289,290,15010,51.8
2025-03-13,256,258,13163,51.0
2025-03-14,283,286,13930,48.7
2025-03-15,271,273,13242,48.5
2025-03-16,318,318,16291,51.2
2025-03-17,334,337,16171,48.0
2025-03-18,267,268,13254,49.5
2025-03-19,274,275,14179,51.6
2025-03-20,282,283,14053,49.7
2025-03-21,298,298,13336,44.8
2025-03-22,274,275,12462,45.3
2025-03-23,296,296,14176,47.9
2025-03-24,258,260,12467,48.0
2025-03-25,307,311,15049,48.4
2025-03-26,272,274,13547,49.4
2025-03-27,304,305,15366,50.4
2025-03-28,285,287,13637,47.5
2025-03-29,300,303,14415,47.6
2025-03-30,272,273,13973,51.2
2025-03-31,293,295,14454,49.0
2025-04-01,278,279,13553,48.6
2025-04-02,311,319,15669,49.1
2025-04-03,326,330,16010,48.5
2025-04-04,302,307,15466,50.4
2025-04-05,301,305,15954,52.3
2025-04-06,349,353,17103,48.5
2025-04-07,322,328,16525,50.4
2025-04-08,321,322,15616,48.5
2025-04-09,296,298,14517,48.7
2025-04-10,346,350,17173,49.1
2025-04-11,315,317,15102,47.6
2025-04-12,310,313,15213,48.6
2025-04-13,340,342,17088,50.0
2025-04-14,318,322,15921,49.4
2025-04-15,314,322,15285,47.5
2025-04-16,341,346,17366,50.2
2025-04-17,330,332,16450,49.5
2025-04-18,333,338,15257,45.1
2025-04-19,317,319,14857,46.6
2025-04-20,364,369,18726,50.7
2025-04-21,351,353,16794,47.6
2025-04-22,325,326,16344,50.1
2025-04-23,328,331,15258,46.1
2025-04-24,308,312,15714,50.4
2025-04-25,357,360,17255,47.9
2025-04-26,344,347,16977,48.9
2025-04-27,327,330,16369,49.6
2025-04-28,346,351,18091,51.5
2025-04-29,366,372,19487,52.4
2025-04-30,358,361,17138,47.5
2025-05-01,364,371,18817,50.7
2025-05-02,365,373,18877,50.6
2025-05-03,363,368,18380,49.9
2025-05-04,340,345,17049,49.4
2025-05-05,340,342,16352,47.8
2025-05-06,363,365,18276,50.1
2025-05-07,356,358,17717,49.5
2025-05-08,356,358,17805,49.7
2025-05-09,391,394,19101,48.5
2025-05-10,396,401,19105,47.6
2025-05-11,376,382,17609,46.1
2025-05-12,378,387,18251,47.2
2025-05-13,381,386,19912,51.6
2025-05-14,375,385,19106,49.6
2025-05-15,344,351,17761,50.6
2025-05-16,381,389,19197,49.3
2025-05-17,376,386,18421,47.7
2025-05-18,407,411,19713,48.0
2025-05-19,388,399,20119,50.4
2025-05-20,436,445,22534,50.6
2025-05-21,360,366,18962,51.8
2025-05-22,422,433,21945,50.7
2025-05-23,398,406,19500,48.0
2025-05-24,395,405,20513,50.6
2025-05-25,381,389,20028,51.5
2025-05-26,441,456,22844,50.1
2025-05-27,426,437,20406,46.7
2025-05-28,420,431,19813,46.0
2025-05-29,431,444,21726,48.9
2025-05-30,454,463,23852,51.5
2025-05-31,459,473,22420,47.4
2025-06-01,473,478,23282,48.7
2025-06-02,442,447,21372,47.8
2025-06-03,446,461,23203,50.3
2025-06-04,448,457,21662,47.4
2025-06-05,452,468,23920,51.1
2025-06-06,465,480,23082,48.1
2025-06-07,445,456,21101,46.3
2025-06-08,474,490,23374,47.7
2025-06-09,487,505,24878,49.3
2025-06-10,466,477,23910,50.1
2025-06-11,535,555,27122,48.9
2025-06-12,515,533,27151,50.9
2025-06-13,523,535,27246,50.9
2025-06-14,487,505,23558,46.6
2025-06-15,501,519,26118,50.3
2025-06-16,541,563,26234,46.6
2025-06-17,525,545,26667,48.9
2025-06-18,543,570,28744,50.4
2025-06-19,557,586,29236,49.9
2025-06-20,583,612,28391,46.4
2025-06-21,608,639,30762,48.1
2025-06-22,602,643,31371,48.8
2025-06-23,644,690,33389,48.4
2025-06-24,653,690,33278,48.2
2025-06-25,601,656,30543,46.6
2025-06-26,604,686,34222,49.9
2025-06-27,683,776,37631,48.5
2025-06-28,674,837,40626,48.5
2025-06-29,738,955,47160,49.4
