cohort_month,0,1,2,3,4,5,6,7,8
2023-01,2.7,2.9,2.9,3.5,4.3,4.1,2.5,3.2,2.6
2023-02,4.3,3.0,3.9,2.6,3.1,3.5,4.2,4.2,3.7
2023-03,3.2,3.7,5.3,4.8,4.0,4.3,5.4,4.8,2.9
2023-04,3.1,3.9,4.6,4.2,3.5,3.9,4.0,3.4,3.9
2023-05,3.4,4.4,4.2,4.1,4.3,4.3,3.8,3.6,4.4
2023-06,3.8,4.9,4.4,4.4,4.1,4.5,5.0,4.6,4.6
2023-07,5.1,3.8,6.4,4.4,5.5,4.5,5.4,4.1,4.3
2023-08,4.5,6.0,5.0,4.5,3.5,4.7,5.5,5.2,4.7
2023-09,5.5,5.9,5.1,5.5,3.8,4.6,4.5,4.5,5.9
2023-10,5.0,5.6,5.0,5.5,7.2,5.0,5.5,4.7,4.7
2023-11,4.4,6.3,6.3,5.2,5.2,5.3,5.3,6.1,4.9
2023-12,5.8,5.5,7.3,7.1,6.0,5.8,5.6,5.7,7.5
2024-01,7.4,6.5,5.4,6.0,5.3,6.7,5.7,6.3,6.1
2024-02,6.8,6.6,5.2,6.6,6.9,6.8,6.8,5.0,6.6
2024-03,8.5,7.5,6.5,6.3,6.8,6.9,7.0,6.8,5.9
2024-04,6.5,8.5,5.6,6.4,6.4,6.8,6.8,7.7,6.3
2024-05,7.8,8.4,9.5,9.4,7.3,8.1,7.8,6.5,6.9
2024-06,8.6,8.1,8.8,9.3,8.5,9.9,9.3,9.3,9.8
2024-07,9.9,9.5,8.4,7.6,9.9,9.9,10.3,8.5,9.5
2024-08,11.1,10.9,10.9,9.3,9.4,10.0,9.4,9.8,11.8
2024-09,11.2,13.6,11.9,10.6,13.3,11.1,11.0,11.2,10.1
2024-10,13.2,12.8,13.9,12.3,16.3,8.9,11.7,11.9,12.5
2024-11,13.5,14.8,15.4,14.7,14.3,12.9,13.0,14.9,13.6
2024-12,17.2,15.9,14.8,16.2,16.2,16.2,18.8,15.2,17.1
2025-01,19.0,17.3,19.2,18.1,17.2,18.7,17.2,18.8,18.2
2025-02,22.9,21.7,23.7,21.8,19.6,21.6,25.1,22.2,25.9
2025-03,25.9,28.7,29.8,24.7,24.6,29.1,28.9,25.3,27.2
2025-04,39.3,37.1,35.7,34.4,35.4,37.5,34.9,37.9,35.9
2025-05,56.0,52.0,51.7,55.9,50.6,36.7,24.2,9.0,2.3
2025-06,89.8,60.9,35.7,14.4,0.6,0.0,0.0,0.0,0.0
