cohort_month,weeks_since_signup,active_users,cohort_size,retention_pct
2023-01,0,23,838,2.7
2023-01,1,24,838,2.9
2023-01,2,24,838,2.9
2023-01,3,29,838,3.5
2023-01,4,36,838,4.3
2023-01,5,34,838,4.1
2023-01,6,21,838,2.5
2023-01,7,27,838,3.2
2023-01,8,22,838,2.6
2023-02,0,32,736,4.3
2023-02,1,22,736,3.0
2023-02,2,29,736,3.9
2023-02,3,19,736,2.6
2023-02,4,23,736,3.1
2023-02,5,26,736,3.5
2023-02,6,31,736,4.2
2023-02,7,31,736,4.2
2023-02,8,27,736,3.7
2023-03,0,28,869,3.2
2023-03,1,32,869,3.7
2023-03,2,46,869,5.3
2023-03,3,42,869,4.8
2023-03,4,35,869,4.0
2023-03,5,37,869,4.3
2023-03,6,47,869,5.4
2023-03,7,42,869,4.8
2023-03,8,25,869,2.9
2023-04,0,26,827,3.1
2023-04,1,32,827,3.9
2023-04,2,38,827,4.6
2023-04,3,35,827,4.2
2023-04,4,29,827,3.5
2023-04,5,32,827,3.9
2023-04,6,33,827,4.0
2023-04,7,28,827,3.4
2023-04,8,32,827,3.9
2023-05,0,31,912,3.4
2023-05,1,40,912,4.4
2023-05,2,38,912,4.2
2023-05,3,37,912,4.1
2023-05,4,39,912,4.3
2023-05,5,39,912,4.3
2023-05,6,35,912,3.8
2023-05,7,33,912,3.6
2023-05,8,40,912,4.4
2023-06,0,31,823,3.8
2023-06,1,40,823,4.9
2023-06,2,36,823,4.4
2023-06,3,36,823,4.4
2023-06,4,34,823,4.1
2023-06,5,37,823,4.5
2023-06,6,41,823,5.0
2023-06,7,38,823,4.6
2023-06,8,38,823,4.6
2023-07,0,42,822,5.1
2023-07,1,31,822,3.8
2023-07,2,53,822,6.4
2023-07,3,36,822,4.4
2023-07,4,45,822,5.5
2023-07,5,37,822,4.5
2023-07,6,44,822,5.4
2023-07,7,34,822,4.1
2023-07,8,35,822,4.3
2023-08,0,36,794,4.5
2023-08,1,48,794,6.0
2023-08,2,40,794,5.0
2023-08,3,36,794,4.5
2023-08,4,28,794,3.5
2023-08,5,37,794,4.7
2023-08,6,44,794,5.5
2023-08,7,41,794,5.2
2023-08,8,37,794,4.7
2023-09,0,44,799,5.5
2023-09,1,47,799,5.9
2023-09,2,41,799,5.1
2023-09,3,44,799,5.5
2023-09,4,30,799,3.8
2023-09,5,37,799,4.6
2023-09,6,36,799,4.5
2023-09,7,36,799,4.5
2023-09,8,47,799,5.9
2023-10,0,46,917,5.0
2023-10,1,51,917,5.6
2023-10,2,46,917,5.0
2023-10,3,50,917,5.5
2023-10,4,66,917,7.2
2023-10,5,46,917,5.0
2023-10,6,50,917,5.5
2023-10,7,43,917,4.7
2023-10,8,43,917,4.7
2023-11,0,33,748,4.4
2023-11,1,47,748,6.3
2023-11,2,47,748,6.3
2023-11,3,39,748,5.2
2023-11,4,39,748,5.2
2023-11,5,40,748,5.3
2023-11,6,40,748,5.3
2023-11,7,46,748,6.1
2023-11,8,37,748,4.9
2023-12,0,50,862,5.8
2023-12,1,47,862,5.5
2023-12,2,63,862,7.3
2023-12,3,61,862,7.1
2023-12,4,52,862,6.0
2023-12,5,50,862,5.8
2023-12,6,48,862,5.6
2023-12,7,49,862,5.7
2023-12,8,65,862,7.5
2024-01,0,63,857,7.4
2024-01,1,56,857,6.5
2024-01,2,46,857,5.4
2024-01,3,51,857,6.0
2024-01,4,45,857,5.3
2024-01,5,57,857,6.7
2024-01,6,49,857,5.7
2024-01,7,54,857,6.3
2024-01,8,52,857,6.1
2024-02,0,53,782,6.8
2024-02,1,52,782,6.6
2024-02,2,41,782,5.2
2024-02,3,52,782,6.6
2024-02,4,54,782,6.9
2024-02,5,53,782,6.8
2024-02,6,53,782,6.8
2024-02,7,39,782,5.0
2024-02,8,52,782,6.6
2024-03,0,71,837,8.5
2024-03,1,63,837,7.5
2024-03,2,54,837,6.5
2024-03,3,53,837,6.3
2024-03,4,57,837,6.8
2024-03,5,58,837,6.9
2024-03,6,59,837,7.0
2024-03,7,57,837,6.8
2024-03,8,49,837,5.9
2024-04,0,50,765,6.5
2024-04,1,65,765,8.5
2024-04,2,43,765,5.6
2024-04,3,49,765,6.4
2024-04,4,49,765,6.4
2024-04,5,52,765,6.8
2024-04,6,52,765,6.8
2024-04,7,59,765,7.7
2024-04,8,48,765,6.3
2024-05,0,67,864,7.8
2024-05,1,73,864,8.4
2024-05,2,82,864,9.5
2024-05,3,81,864,9.4
2024-05,4,63,864,7.3
2024-05,5,70,864,8.1
2024-05,6,67,864,7.8
2024-05,7,56,864,6.5
2024-05,8,60,864,6.9
2024-06,0,71,825,8.6
2024-06,1,67,825,8.1
2024-06,2,73,825,8.8
2024-06,3,77,825,9.3
2024-06,4,70,825,8.5
2024-06,5,82,825,9.9
2024-06,6,77,825,9.3
2024-06,7,77,825,9.3
2024-06,8,81,825,9.8
2024-07,0,84,846,9.9
2024-07,1,80,846,9.5
2024-07,2,71,846,8.4
2024-07,3,64,846,7.6
2024-07,4,84,846,9.9
2024-07,5,84,846,9.9
2024-07,6,87,846,10.3
2024-07,7,72,846,8.5
2024-07,8,80,846,9.5
2024-08,0,97,874,11.1
2024-08,1,95,874,10.9
2024-08,2,95,874,10.9
2024-08,3,81,874,9.3
2024-08,4,82,874,9.4
2024-08,5,87,874,10.0
2024-08,6,82,874,9.4
2024-08,7,86,874,9.8
2024-08,8,103,874,11.8
2024-09,0,92,821,11.2
2024-09,1,112,821,13.6
2024-09,2,98,821,11.9
2024-09,3,87,821,10.6
2024-09,4,109,821,13.3
2024-09,5,91,821,11.1
2024-09,6,90,821,11.0
2024-09,7,92,821,11.2
2024-09,8,83,821,10.1
2024-10,0,106,806,13.2
2024-10,1,103,806,12.8
2024-10,2,112,806,13.9
2024-10,3,99,806,12.3
2024-10,4,131,806,16.3
2024-10,5,72,806,8.9
2024-10,6,94,806,11.7
2024-10,7,96,806,11.9
2024-10,8,101,806,12.5
2024-11,0,114,845,13.5
2024-11,1,125,845,14.8
2024-11,2,130,845,15.4
2024-11,3,124,845,14.7
2024-11,4,121,845,14.3
2024-11,5,109,845,12.9
2024-11,6,110,845,13.0
2024-11,7,126,845,14.9
2024-11,8,115,845,13.6
2024-12,0,146,850,17.2
2024-12,1,135,850,15.9
2024-12,2,126,850,14.8
2024-12,3,138,850,16.2
2024-12,4,138,850,16.2
2024-12,5,138,850,16.2
2024-12,6,160,850,18.8
2024-12,7,129,850,15.2
2024-12,8,145,850,17.1
2025-01,0,169,890,19.0
2025-01,1,154,890,17.3
2025-01,2,171,890,19.2
2025-01,3,161,890,18.1
2025-01,4,153,890,17.2
2025-01,5,166,890,18.7
2025-01,6,153,890,17.2
2025-01,7,167,890,18.8
2025-01,8,162,890,18.2
2025-02,0,174,761,22.9
2025-02,1,165,761,21.7
2025-02,2,180,761,23.7
2025-02,3,166,761,21.8
2025-02,4,149,761,19.6
2025-02,5,164,761,21.6
2025-02,6,191,761,25.1
2025-02,7,169,761,22.2
2025-02,8,197,761,25.9
2025-03,0,208,802,25.9
2025-03,1,230,802,28.7
2025-03,2,239,802,29.8
2025-03,3,198,802,24.7
2025-03,4,197,802,24.6
2025-03,5,233,802,29.1
2025-03,6,232,802,28.9
2025-03,7,203,802,25.3
2025-03,8,218,802,27.2
2025-04,0,317,807,39.3
2025-04,1,299,807,37.1
2025-04,2,288,807,35.7
2025-04,3,278,807,34.4
2025-04,4,286,807,35.4
2025-04,5,303,807,37.5
2025-04,6,282,807,34.9
2025-04,7,306,807,37.9
2025-04,8,290,807,35.9
2025-05,0,466,832,56.0
2025-05,1,433,832,52.0
2025-05,2,430,832,51.7
2025-05,3,465,832,55.9
2025-05,4,421,832,50.6
2025-05,5,305,832,36.7
2025-05,6,201,832,24.2
2025-05,7,75,832,9.0
2025-05,8,19,832,2.3
2025-06,0,707,787,89.8
2025-06,1,479,787,60.9
2025-06,2,281,787,35.7
2025-06,3,113,787,14.4
2025-06,4,5,787,0.6
